<?xml version="1.0" encoding="UTF-8"?>
<kcfg xmlns="http://www.kde.org/standards/kcfg/1.0"
      xmlns:xsi="http://www.w3.org/2001/XMLSchema-instance"
      xsi:schemaLocation="http://www.kde.org/standards/kcfg/1.0/kcfg.xsd" >
  <kcfgfile name=""/>

  <group name="General">
      <entry name="start_branches" type="Int">
            <label>Start Branches</label>
            <default>3</default>
        </entry>
      <entry name="scale" type="Int">
            <label>Scale</label>
            <default>3</default>
        </entry>
      <entry name="checkedSmartPlay" type="bool">
        <label>Pause the video when existing a maximized or full-screen windows.</label>
        <default>false</default>
    </entry>
      <entry name="show_reverse" type="bool">
        <label>Show reverse process at end of animation?</label>
        <default>true</default>
    </entry>
      <entry name="fill_city" type="bool">
        <label>Fill spaces inbetween the lines?</label>
        <default>true</default>
    </entry>

  </group>

</kcfg>
